,row1,value
0,Sing,0.488508410158489
1,Sing,0.809882906356435
2,Sing,0.693397555510036
3,Sing,0.25848388758830887
4,Sing,0.44123934677432264
5,Sing,0.7316802625027451
6,Sing,0.6787781754534858
7,Sing,0.45660886598869843
8,Sing,0.11251282610816171
9,Sing,0.8644180612470522
