,row1,value
0,Sing,0.4405495449694343
1,Sing,0.020775190043940683
2,Sing,0.468126627366644
3,Sing,0.06546884779004958
4,Sing,0.9715858543470752
5,Sing,0.28540506446935765
6,Sing,0.09888793195681833
7,Sing,0.7266689707302072
8,Sing,0.451397985325787
9,Sing,0.3400052369886254
